Month,Parts,Rows,Net,Bytes,GzipBytes,ExceptionParts,ExceptionRows,ExceptionBytes,ExceptionGzipBytes
2022-04,1,10324,24868868.73,1570943,133957,1,10,818,425
2022-05,1,8620,33166909.70,1297165,124723,1,4,420,294
2022-06,1,7509,33393207.36,1121493,117977,1,8,702,371
2022-07,1,8290,30997289.12,1237273,124324,1,9,672,360
2022-08,1,10605,54137159.82,1604107,143677,1,4,402,272
2022-09,1,8030,37433969.67,1173140,121140,1,5,421,229
2022-10,1,8001,37846238.80,1162114,124963,1,9,695,373
2022-11,1,8413,35939626.01,1227178,129294,1,24,1245,410
2023-01,1,8430,38422356.15,1199836,124194,1,9,642,354
2023-02,1,10055,44464459.01,1393700,145132,1,2,253,186
2023-03,2,12730,53956670.53,1744610,182086,1,2,269,197
2023-04,1,6243,25603500.11,1008103,86149,1,4,388,235
2023-05,1,5620,35179999.22,879595,91226,1,2,309,216
2023-06,1,5908,37404691.89,909734,94446,1,4,414,224
2023-07,1,5844,51635873.22,904368,95070,0,0,0,0
2023-08,1,7601,46144695.70,1223139,104712,0,0,0,0
2023-09,1,5348,38237165.76,832123,86571,0,0,0,0
2023-10,1,5486,36034079.09,870486,83287,0,0,0,0
2023-11,1,6317,53870760.91,947988,101432,0,0,0,0
2023-12,1,5569,35017860.02,830202,87953,0,0,0,0
2024-01,1,6038,50482949.31,941025,95479,0,0,0,0
2024-02,1,5836,39448183.10,890388,94898,0,0,0,0
2024-03,1,6791,44875285.13,1022777,103650,0,0,0,0
2024-04,1,7423,39064770.41,1169087,108799,1,34,2270,523
2024-05,1,6155,41058881.37,936811,99395,1,4,434,249
2024-06,1,5763,40225015.14,871696,90298,0,0,0,0
2024-07,1,7968,53839318.29,1261158,113479,1,2,275,202
2024-08,1,6049,49423343.21,910071,95508,0,0,0,0
2024-09,1,5792,34410861.58,886583,92347,0,0,0,0
2024-10,1,5915,41816536.76,922295,93590,1,2,273,198
2024-11,1,6029,54364397.99,909804,96756,0,0,0,0
2024-12,1,5124,66676664.44,789254,80832,0,0,0,0
2025-01,1,4633,55969900.75,666523,77079,0,0,0,0
2025-02,1,4671,73365939.75,660989,77598,0,0,0,0
2025-03,1,5956,60370774.38,831691,95098,1,9,724,252
2025-04,1,6357,57060444.14,929984,90436,1,5,463,222
2025-05,1,4744,68682016.51,669040,76661,1,11,1180,492
2025-06,1,5025,50344120.73,703462,80585,1,2,269,197
2025-07,1,7220,68900374.50,1076103,100138,0,0,0,0
2025-08,1,4211,55484492.21,610090,68572,1,2,269,197
2025-09,1,6853,70565414.47,908606,91661,1,10,811,262
2025-10,1,5189,72095752.63,723044,85138,1,3,330,198
2025-11,1,5109,50260823.35,624927,76587,1,5,449,239
2026-01,1,5351,77767593.11,754686,84751,0,0,0,0
2026-02,1,5214,47682863.42,726486,83283,0,0,0,0
2026-03,1,5718,78475021.48,788463,92604,0,0,0,0
2026-04,1,6741,52313479.04,990191,93964,1,6,534,235
2026-05,1,5140,51650715.10,739087,82298,0,0,0,0
2026-06,1,5656,68221565.33,799226,86843,1,2,267,195
undated,1,4986,50799827.90,643042,75322,0,0,0,0
