Year,Months,Parts,TxRows,Net,ExceptionRows,ExceptionBytes,ExceptionGzipBytes
2011-12,12,1,37522,150734307.78,16447,1167618,164935
2012-13,12,1,88575,150792348.34,32106,2281006,297024
2013-14,12,1,164221,190215220.63,55165,3954585,514262
2014-15,12,1,145767,210293415.88,44916,3267007,443355
2015-16,12,1,144528,198587481.63,68771,4889478,590164
2016-17,12,1,139336,214616613.72,68813,4898648,570329
2017-18,12,1,58490,220652112.03,34246,2517265,351365
2018-19,12,1,64612,207074280.67,15973,1780786,186838
2019-20,12,1,61411,253210938.62,11932,1388758,138156
2020-21,12,1,56064,249500491.97,10620,1268232,125468
2021-22,12,1,61579,261282671.67,12941,1493921,152836
2022-23,12,1,58176,261019315.53,11714,1473816,139562
2023-24,12,1,61708,264475674.40,14571,1900851,164002
2024-25,12,1,63095,268070022.36,39190,4219679,586355
2025-26,12,1,68369,295531350.35,16154,1964425,171191
