name,url,retrieved
CORA1_2023-24,https://assets.publishing.service.gov.uk/media/68a3396ccd7b7dcfaf2b5e50/COR_A1.ods,2026-10-03
RS_2023-24,https://assets.publishing.service.gov.uk/media/6a2aca671f6fa5c3377e5df2/RS_2023-24_data_by_LA.ods,2026-10-03
RSX_2024-25,https://assets.publishing.service.gov.uk/media/6a291b0fade52dc088221881/RSX_LA_Data_2024-25_data_by_LA.ods,2026-10-03
CORA1_2024-25,https://assets.publishing.service.gov.uk/media/6a22b5c9e13080622db386f1/COR_A1.ods,2026-10-03
RSX_2023-24,https://assets.publishing.service.gov.uk/media/6a291c0b3b15d05a7ce31ffe/RSX_2023-24_data_by_LA.ods,2026-10-03
RO4_2022-23,https://assets.publishing.service.gov.uk/media/6a7adb8a7349adb729babee5/RO4_2022-23_data_by_LA.ods,2026-10-03
RS_2024-25,https://assets.publishing.service.gov.uk/media/6a2aca48a3674dfd3eb50749/RS_LA_Data_2024-25_data_by_LA.ods,2026-10-03
RSX_2022-23,https://assets.publishing.service.gov.uk/media/686be42881dd8f70f5de3c18/RSX_2022-23_data_by_LA.ods,2026-10-03
RO4_2024-25,https://assets.publishing.service.gov.uk/media/6a291b65e371d9d2c0052b83/RO4_LA_Data_2024-25_data_by_LA.ods,2026-10-03
CORA1_2022-23,https://assets.publishing.service.gov.uk/media/68512f2d4734883ca9f79ef1/COR_A1.ods,2026-10-03
RO4_2023-24,https://assets.publishing.service.gov.uk/media/6a29120f3b15d05a7ce31ff7/RO4_2023-24_data_by_LA.ods,2026-10-03
RS_2022-23,https://assets.publishing.service.gov.uk/media/686be4192cfe301b5fb67819/RS_2022-23_data_by_LA.ods,2026-10-03
RS_2021-22,https://assets.publishing.service.gov.uk/media/6880c142f47abf78ca1d3532/RS_2021-22_data_by_LA_July_2025.ods,2026-10-03
RSX_2021-22,https://assets.publishing.service.gov.uk/media/6825a5a1ab96d4ed0b262f78/RSX_2021-22_data_by_LA_Live.ods,2026-10-03
RO4_2021-22,https://assets.publishing.service.gov.uk/media/6825a5e47293a87b6c75ec90/RO4_2021-22_data_by_LA_Live.ods,2026-10-03
RS_2020-21,https://assets.publishing.service.gov.uk/media/67dc25e5db5bf0deba4b4fdb/RS_2020-21_data_by_LA_March_2025.ods,2026-10-03
RSX_2020-21,https://assets.publishing.service.gov.uk/media/67dc2606931ea30d1b7ee36b/RSX_2020-21_data_by_LA_March_2025.ods,2026-10-03
RO4_2020-21,https://assets.publishing.service.gov.uk/media/67dc26a2cb8c6838d74b4fd5/RO4_2020-21_data_by_LA_March_2025.ods,2026-10-03
RS_2019-20,https://assets.publishing.service.gov.uk/media/6656f5270c8f88e868d332eb/RS_2019-20_data_by_LA.ods,2026-10-03
RSX_2019-20,https://assets.publishing.service.gov.uk/media/6656f5327b792ffff71a8495/RSX_2019-20_data_by_LA.ods,2026-10-03
RO4_2019-20,https://assets.publishing.service.gov.uk/media/6656f573dc15efdddf1a84bd/RO4_2019-20_data_by_LA.ods,2026-10-03
RS_2018-19,https://assets.publishing.service.gov.uk/media/66573b51dc15efdddf1a8502/RS_2018-19_data_by_LA.ods,2026-10-03
RSX_2018-19,https://assets.publishing.service.gov.uk/media/66573b5e7b792ffff71a84e2/RSX_2018-19_data_by_LA.ods,2026-10-03
RO4_2018-19,https://assets.publishing.service.gov.uk/media/66573b9e0c8f88e868d33335/RO4_2018-19_data_by_LA.ods,2026-10-03
RS_2017-18,https://assets.publishing.service.gov.uk/media/6656f6527b792ffff71a8498/RS_2017-18_data_by_LA_-_revised_.ods,2026-10-03
RSX_2017-18,https://assets.publishing.service.gov.uk/media/6656f65e8f90ef31c23ebb8b/RSX_2017-18_data_by_LA_-_revised.ods,2026-10-03
RO4_2017-18,https://assets.publishing.service.gov.uk/media/6656f69e7b792ffff71a849a/RO4_2017-18_data_by_LA_-_revised.ods,2026-10-03
CORA1_2021-22,https://assets.publishing.service.gov.uk/media/65e20c102f2b3b00117cd883/COR_2021-22_outputs_COR_A1.ods,2026-10-03
CORA1_2020-21,https://assets.publishing.service.gov.uk/media/6657104016cf36f4d63ebb7c/COR_2020-21_outputs_COR_A1.ods,2026-10-03
CORA1_2019-20,https://assets.publishing.service.gov.uk/media/66572b8c7b792ffff71a84d4/COR_2019-20_outputs_COR_A1.ods,2026-10-03
CORA1_2018-19,https://assets.publishing.service.gov.uk/media/5db2bc87ed915d095c89f131/COR_2018-19_outputs_COR_A1.xlsx,2026-10-03
CORA1_2017-18,https://assets.publishing.service.gov.uk/media/5f1aa2add3bf7f596b135aba/201803_COR_A1_REVISED.xlsx,2026-10-03
