Council,Months,Parts,TxRows,ExceptionRows,UnmatchedExceptionRows,LargestMonth,LargestMonthRaw,LargestMonthGzip,LargestExceptionMonthRaw,LargestExceptionMonthGzip,TotalRawMB,TotalGzipMB,ArchiveMB
birmingham,25,51,247785,2909,0,2024-07,1930158,274765,50310,3785,36.2,4.8,49.6
bracknellforest,100,172,161336,56723,0,2025-07,368200,51332,283196,15118,29.3,3.3,58.7
bradford,77,182,909957,302847,0,2025-09,3983366,508155,4665059,105037,221.6,17.5,389.7
bristol,80,160,469694,67734,0,2021-04,1144548,151578,602804,24435,83.6,10.1,139.6
cornwall,83,288,1936816,332491,0,2021-10,6724191,556952,3658104,291386,447.6,37.7,791.4
coventry,176,336,1099011,106595,0,2025-03,4799186,274209,978433,31946,176.6,16.5,358.8
durham,52,104,285258,25538,0,2024-07,1117159,171437,468221,20497,51.7,7.4,74.6
kirklees,113,226,516440,33481,0,2021-01,882744,129376,162884,11598,58.8,10.5,150.6
leeds,116,399,2701271,527865,0,2022-11,4794471,601083,4267790,319956,526.0,54.1,1349.6
leicester,117,233,692704,241207,0,2017-03,1667820,248289,1537685,51390,178.2,17.0,205.5
liverpool,73,145,547346,225104,0,2025-12,2508473,253849,3206994,84533,156.0,10.4,173.6
merton,114,229,376383,84186,63,2026-03,810776,99584,370615,21026,80.3,8.9,130.5
newcastle,103,206,647513,48078,0,2020-04,1078100,131104,1595320,28440,86.1,12.1,175.4
nottingham,112,222,336169,25372,0,2021-03,1586540,220262,1096434,106639,42.2,7.0,61.6
rbwm,40,79,68618,10950,0,2026-06,498884,67763,240560,9987,11.2,1.4,31.6
reading,110,218,505832,96291,0,2023-11,1067994,121324,531514,32067,98.0,9.9,179.6
sheffield,117,397,2638099,712593,0,2023-03,5050087,559787,3037087,137188,496.3,44.0,1206.4
wakefield,111,243,746555,58788,0,2022-11,5790500,335164,385633,21689,96.8,11.4,460.8
westberkshire,28,56,91784,14927,0,2025-07,511447,75514,282464,14785,14.4,1.9,20.8
wirral,50,79,328600,193,0,2023-03,1744610,182086,5526,619,46.3,4.8,56.0
wokingham,67,134,217117,49308,0,undated,1106899,174782,680154,84589,43.8,5.3,61.3
