slug,tag,hosted_path,file_name_shown,bytes,sha256,source_url,url_kind,licence,licence_evidence,date_fetched,date_fetched_basis,status,hostable
wokingham,FY2020-21,data/wokingham/FY2020-21-6572d318c476.csv,"Over £500 spend 2020-21 payments.csv",5657472,6572d318c4764152a274fa6abe7de2856932f36b7f01771f8957f09fd0d8b1d1,"https://www.wokingham.gov.uk/foi/supplier-spend-data",landing-page,"Open Government Licence","data-sets page: ""You may use and re-use any of the information in data sets (not including logos) under the terms of the Open Government License on Gov.uk website."" (fetched 2026-10-07)",2026-10-02,file modification time (no fetch record exists),own-published-landing-page-only,true
wokingham,FY2021-22,data/wokingham/FY2021-22-44d5adb77c88.csv,"Over £500 spend 2021-22 payments.csv",5501410,44d5adb77c889e5409519d6ed21b4847ea5b58c86c925b005d9d10e563e9ec85,"https://www.wokingham.gov.uk/foi/supplier-spend-data",landing-page,"Open Government Licence","data-sets page: ""You may use and re-use any of the information in data sets (not including logos) under the terms of the Open Government License on Gov.uk website."" (fetched 2026-10-07)",2026-10-02,file modification time (no fetch record exists),own-published-landing-page-only,true
wokingham,FY2022-23,data/wokingham/FY2022-23-e634d89d4a43.csv,"Over £500 spend 2022-23 payments.csv",6298689,e634d89d4a434c33980f4e578c10f56d7785558b2fcd17657b6d33e8c0035171,"https://www.wokingham.gov.uk/foi/supplier-spend-data",landing-page,"Open Government Licence","data-sets page: ""You may use and re-use any of the information in data sets (not including logos) under the terms of the Open Government License on Gov.uk website."" (fetched 2026-10-07)",2026-10-02,file modification time (no fetch record exists),own-published-landing-page-only,true
wokingham,FY2023-24,data/wokingham/FY2023-24-0ff5272e5c62.xlsx,"Over £500 spend 2023-24 payments.xlsx",2120338,0ff5272e5c622cb31f3ec12d152ce80b24cc85a0b6222b19adff43b2f9231551,"https://www.wokingham.gov.uk/foi/supplier-spend-data",landing-page,"Open Government Licence","data-sets page: ""You may use and re-use any of the information in data sets (not including logos) under the terms of the Open Government License on Gov.uk website."" (fetched 2026-10-07)",2026-10-02,file modification time (no fetch record exists),own-published-landing-page-only,true
wokingham,FY2024-25,data/wokingham/FY2024-25-069ec2d901f6.csv,"Over £500 spend 2024-25 payments.csv",7506645,069ec2d901f63df9a45ad410ed3933fe969fb4f8ee95e4ce92a0e22323545ee4,"https://www.wokingham.gov.uk/foi/supplier-spend-data",landing-page,"Open Government Licence","data-sets page: ""You may use and re-use any of the information in data sets (not including logos) under the terms of the Open Government License on Gov.uk website."" (fetched 2026-10-07)",2026-10-02,file modification time (no fetch record exists),own-published-landing-page-only,true
wokingham,FY2025-26,data/wokingham/FY2025-26-1f79ec760fb9.csv,"Over £500 spend 2025-26 payments.csv",6455716,1f79ec760fb9f2d33f36da5604a5a06cde9f343fd856a9f90bb2c74eefa00902,"https://www.wokingham.gov.uk/foi/supplier-spend-data",landing-page,"Open Government Licence","data-sets page: ""You may use and re-use any of the information in data sets (not including logos) under the terms of the Open Government License on Gov.uk website."" (fetched 2026-10-07)",2026-10-02,file modification time (no fetch record exists),own-published-landing-page-only,true
bracknellforest,2020-DecFeb,data/bracknellforest/2020-DecFeb-7a23d33ba1c5.xlsx,"payments-over-500-dec-2020-to-feb-2021 (1).xlsx",425936,7a23d33ba1c5189da9131c05935feaf9924ca2d1ca28a5314731adb3be9d975d,"https://www.bracknell-forest.gov.uk/sites/default/files/2021-11/payments-over-500-dec-2020-to-feb-2021%20%281%29.xlsx",direct-file,"Open Government Licence v3.0 (site-wide)","terms page: ""All content on this website is available under the Open Government Licence v3.0, except where otherwise stated."" (fetched 2026-10-07; the spend page itself carries no statement); 3 of 22 files re-fetched from the council URL are byte-identical",2026-10-03,file modification time (no fetch record exists),own-published,true
bracknellforest,2021-MarMay,data/bracknellforest/2021-MarMay-d385007a0b6c.xlsx,"payments-over-500-march-2021-to-may-2021.xlsx",375128,d385007a0b6cd366b6857d6fe22ed0913e663caf4f32f23990ca845f8b9d9d9c,"https://www.bracknell-forest.gov.uk/sites/default/files/2021-11/payments-over-500-march-2021-to-may-2021.xlsx",direct-file,"Open Government Licence v3.0 (site-wide)","terms page: ""All content on this website is available under the Open Government Licence v3.0, except where otherwise stated."" (fetched 2026-10-07; the spend page itself carries no statement); 3 of 22 files re-fetched from the council URL are byte-identical",2026-10-03,file modification time (no fetch record exists),own-published,true
bracknellforest,2021-JunAug,data/bracknellforest/2021-JunAug-3a1462830fd5.xlsx,"payments-over-500-june-2021-to-august-2021.xlsx",354076,3a1462830fd5a368695d9cc1e85e98451a1e3fab77506ac1982986cacefb2234,"https://www.bracknell-forest.gov.uk/sites/default/files/2021-11/payments-over-500-june-2021-to-august-2021.xlsx",direct-file,"Open Government Licence v3.0 (site-wide)","terms page: ""All content on this website is available under the Open Government Licence v3.0, except where otherwise stated."" (fetched 2026-10-07; the spend page itself carries no statement); 3 of 22 files re-fetched from the council URL are byte-identical",2026-10-03,file modification time (no fetch record exists),own-published,true
bracknellforest,2021-SepDec,data/bracknellforest/2021-SepDec-562494ad933c.xlsx,"payments-over-£500-september-2021-to-december-2021.xlsx",483188,562494ad933cbd08221e6cf71e3e88615f176c6d470920bbe56e792e3d215a90,"https://www.bracknell-forest.gov.uk/sites/default/files/2022-01/payments-over-%C2%A3500-september-2021-to-december-2021.xlsx",direct-file,"Open Government Licence v3.0 (site-wide)","terms page: ""All content on this website is available under the Open Government Licence v3.0, except where otherwise stated."" (fetched 2026-10-07; the spend page itself carries no statement); 3 of 22 files re-fetched from the council URL are byte-identical",2026-10-03,file modification time (no fetch record exists),own-published,true
bracknellforest,2022-JanMar,data/bracknellforest/2022-JanMar-c68685bf38b1.xlsx,"payments-over-£500-january-2022-to-march-2022.xlsx",404346,c68685bf38b1d6149fb78104fe783a3b2f80764180a003fc2547097df011e68b,"https://www.bracknell-forest.gov.uk/sites/default/files/2022-05/payments-over-%C2%A3500-january-2022-to-march-2022.xlsx",direct-file,"Open Government Licence v3.0 (site-wide)","terms page: ""All content on this website is available under the Open Government Licence v3.0, except where otherwise stated."" (fetched 2026-10-07; the spend page itself carries no statement); 3 of 22 files re-fetched from the council URL are byte-identical",2026-10-03,file modification time (no fetch record exists),own-published,true
bracknellforest,2022-AprJun,data/bracknellforest/2022-AprJun-afa40cc014c3.xlsx,"payments-over-500-april-june-2022.xlsx",333523,afa40cc014c30f69d9ce4f3e16e8ebb1458ed9dc93f6ae0f7dd03c15728e930c,"https://www.bracknell-forest.gov.uk/sites/default/files/2022-08/payments-over-500-april-june-2022.xlsx",direct-file,"Open Government Licence v3.0 (site-wide)","terms page: ""All content on this website is available under the Open Government Licence v3.0, except where otherwise stated."" (fetched 2026-10-07; the spend page itself carries no statement); 3 of 22 files re-fetched from the council URL are byte-identical",2026-10-03,file modification time (no fetch record exists),own-published,true
bracknellforest,2022-JulSep,data/bracknellforest/2022-JulSep-94f4625c9208.xlsx,"payments-over-£500-july-september-2022.xlsx",383268,94f4625c92086dcc2058d12920a8e4aa6ce755dfd5a73d5806ee81a7bf8ad493,"https://www.bracknell-forest.gov.uk/sites/default/files/2022-10/payments-over-%C2%A3500-july-september-2022.xlsx",direct-file,"Open Government Licence v3.0 (site-wide)","terms page: ""All content on this website is available under the Open Government Licence v3.0, except where otherwise stated."" (fetched 2026-10-07; the spend page itself carries no statement); 3 of 22 files re-fetched from the council URL are byte-identical",2026-10-03,file modification time (no fetch record exists),own-published,true
bracknellforest,2022-OctDec,data/bracknellforest/2022-OctDec-2dd59637fca9.xlsx,"over-500-spend-report-october-december-2022.xlsx",366196,2dd59637fca98b9e501a93521c461e0fbd17629f273043734ee3c405d3e32c84,"https://www.bracknell-forest.gov.uk/sites/default/files/2023-02/over-500-spend-report-october-december-2022.xlsx",direct-file,"Open Government Licence v3.0 (site-wide)","terms page: ""All content on this website is available under the Open Government Licence v3.0, except where otherwise stated."" (fetched 2026-10-07; the spend page itself carries no statement); 3 of 22 files re-fetched from the council URL are byte-identical",2026-10-03,file modification time (no fetch record exists),own-published,true
bracknellforest,2023-JanMar,data/bracknellforest/2023-JanMar-079855add2ce.xlsx,"payments-over-500-january-to-march-2023.xlsx",444286,079855add2ce63fcdb2e2c0bf73c1d6421211f9642e9e90c4f15979953054601,"https://www.bracknell-forest.gov.uk/sites/default/files/2023-05/payments-over-500-january-to-march-2023.xlsx",direct-file,"Open Government Licence v3.0 (site-wide)","terms page: ""All content on this website is available under the Open Government Licence v3.0, except where otherwise stated."" (fetched 2026-10-07; the spend page itself carries no statement); 3 of 22 files re-fetched from the council URL are byte-identical",2026-10-03,file modification time (no fetch record exists),own-published,true
bracknellforest,2023-AprJun,data/bracknellforest/2023-AprJun-c4d1f7665499.xlsx,"payments-over-500-April-June 2023.xlsx",370310,c4d1f766549982e79efc7e0afffcb8bb7243fd6b1833e9ce1b972ad1133809fe,"https://www.bracknell-forest.gov.uk/sites/default/files/2023-08/payments-over-500-April-June%202023.xlsx",direct-file,"Open Government Licence v3.0 (site-wide)","terms page: ""All content on this website is available under the Open Government Licence v3.0, except where otherwise stated."" (fetched 2026-10-07; the spend page itself carries no statement); 3 of 22 files re-fetched from the council URL are byte-identical",2026-10-03,file modification time (no fetch record exists),own-published,true
bracknellforest,2023-JulSep,data/bracknellforest/2023-JulSep-d94ce94b7f33.xlsx,"payments-over-500-july-2023-to-september-2023.xlsx",416490,d94ce94b7f33849b4218d061af2cbea790856b604b4d89b4f985db8af4f4616f,"https://www.bracknell-forest.gov.uk/sites/default/files/2023-11/payments-over-500-july-2023-to-september-2023.xlsx",direct-file,"Open Government Licence v3.0 (site-wide)","terms page: ""All content on this website is available under the Open Government Licence v3.0, except where otherwise stated."" (fetched 2026-10-07; the spend page itself carries no statement); 3 of 22 files re-fetched from the council URL are byte-identical",2026-10-03,file modification time (no fetch record exists),own-published,true
bracknellforest,2023-OctDec,data/bracknellforest/2023-OctDec-cfae1f26afc1.xlsx,"payments-over-500-october-december-2023.xlsx",405894,cfae1f26afc155bc8df77074d7d81bda8f850263a312316d58452a4e65b4305c,"https://www.bracknell-forest.gov.uk/sites/default/files/2024-02/payments-over-500-october-december-2023.xlsx",direct-file,"Open Government Licence v3.0 (site-wide)","terms page: ""All content on this website is available under the Open Government Licence v3.0, except where otherwise stated."" (fetched 2026-10-07; the spend page itself carries no statement); 3 of 22 files re-fetched from the council URL are byte-identical",2026-10-03,file modification time (no fetch record exists),own-published,true
bracknellforest,2024-JanMar,data/bracknellforest/2024-JanMar-58943c10ae0f.xlsx,"payments-over-500-january-to-march-2024.xlsx",455244,58943c10ae0f46a455451fb271cc2ffee6fcc058959f5dfd91198cb0c9919f2f,"https://www.bracknell-forest.gov.uk/sites/default/files/2024-06/payments-over-500-january-to-march-2024.xlsx",direct-file,"Open Government Licence v3.0 (site-wide)","terms page: ""All content on this website is available under the Open Government Licence v3.0, except where otherwise stated."" (fetched 2026-10-07; the spend page itself carries no statement); 3 of 22 files re-fetched from the council URL are byte-identical",2026-10-03,file modification time (no fetch record exists),own-published,true
bracknellforest,2024-AprJun,data/bracknellforest/2024-AprJun-eba93caebe48.xlsx,"payments-over-£500-april-june-2024.xlsx",398869,eba93caebe488b4ac70be56006ebc8666332f7f35fc246f01c84f63d104f4e6d,"https://www.bracknell-forest.gov.uk/sites/default/files/2024-08/payments-over-%C2%A3500-april-june-2024.xlsx",direct-file,"Open Government Licence v3.0 (site-wide)","terms page: ""All content on this website is available under the Open Government Licence v3.0, except where otherwise stated."" (fetched 2026-10-07; the spend page itself carries no statement); 3 of 22 files re-fetched from the council URL are byte-identical",2026-10-03,file modification time (no fetch record exists),own-published,true
bracknellforest,2024-JulSep,data/bracknellforest/2024-JulSep-07dd363438bf.xlsx,"payments-over-£500-july-september-2024_0.xlsx",441255,07dd363438bf7b931277c48e9dc3cdd2fedc4e7db8fffb4c0c55974f4a852764,"https://www.bracknell-forest.gov.uk/sites/default/files/2024-10/payments-over-%C2%A3500-july-september-2024_0.xlsx",direct-file,"Open Government Licence v3.0 (site-wide)","terms page: ""All content on this website is available under the Open Government Licence v3.0, except where otherwise stated."" (fetched 2026-10-07; the spend page itself carries no statement); 3 of 22 files re-fetched from the council URL are byte-identical",2026-10-03,file modification time (no fetch record exists),own-published,true
bracknellforest,2024-OctDec,data/bracknellforest/2024-OctDec-54b3d80e2770.xlsx,"payments-over-£500-october-to-december-2024.xlsx",392470,54b3d80e277059a6f316e5c1230f6e1b7a908d0d2db4032fc3f8a6fb7d209340,"https://www.bracknell-forest.gov.uk/sites/default/files/2025-02/payments-over-%C2%A3500-october-to-december-2024.xlsx",direct-file,"Open Government Licence v3.0 (site-wide)","terms page: ""All content on this website is available under the Open Government Licence v3.0, except where otherwise stated."" (fetched 2026-10-07; the spend page itself carries no statement); 3 of 22 files re-fetched from the council URL are byte-identical",2026-10-03,file modification time (no fetch record exists),own-published,true
bracknellforest,2025-JanMar,data/bracknellforest/2025-JanMar-38256eaceea5.xlsx,"payments-over-£500-january-2025-to-march-2025.xlsx",405471,38256eaceea581357d88e6caf83fc677bca52a9d2c11b83392a2cc7ab3fdea48,"https://www.bracknell-forest.gov.uk/sites/default/files/2025-05/payments-over-%C2%A3500-january-2025-to-march-2025.xlsx",direct-file,"Open Government Licence v3.0 (site-wide)","terms page: ""All content on this website is available under the Open Government Licence v3.0, except where otherwise stated."" (fetched 2026-10-07; the spend page itself carries no statement); 3 of 22 files re-fetched from the council URL are byte-identical",2026-10-03,file modification time (no fetch record exists),own-published,true
bracknellforest,2025-AprJun,data/bracknellforest/2025-AprJun-7f723cd96a3a.xlsx,"payments-over-500-april-2025-to-june-2025.xlsx",429091,7f723cd96a3a045100977f87d8ce12b82fbcc98c3138f7d2932841c9c765d95b,"https://www.bracknell-forest.gov.uk/sites/default/files/2025-08/payments-over-500-april-2025-to-june-2025.xlsx",direct-file,"Open Government Licence v3.0 (site-wide)","terms page: ""All content on this website is available under the Open Government Licence v3.0, except where otherwise stated."" (fetched 2026-10-07; the spend page itself carries no statement); 3 of 22 files re-fetched from the council URL are byte-identical",2026-10-03,file modification time (no fetch record exists),own-published,true
bracknellforest,2025-JulSep,data/bracknellforest/2025-JulSep-84d75cf36bd9.xlsx,"payments-over-500-july-2025-to-september-2025.xlsx",386335,84d75cf36bd970cce2ae27195a6b22f4b6b4bfc4fb10988367575a7a7fed25e1,"https://www.bracknell-forest.gov.uk/sites/default/files/2025-10/payments-over-500-july-2025-to-september-2025.xlsx",direct-file,"Open Government Licence v3.0 (site-wide)","terms page: ""All content on this website is available under the Open Government Licence v3.0, except where otherwise stated."" (fetched 2026-10-07; the spend page itself carries no statement); 3 of 22 files re-fetched from the council URL are byte-identical",2026-10-03,file modification time (no fetch record exists),own-published,true
bracknellforest,2025-OctDec,data/bracknellforest/2025-OctDec-f289edc5c3c3.xlsx,"payments-over-£500-october-to-december-2025.xlsx",399585,f289edc5c3c3d1785f3c2d867313e89736a44da8706f77c18ad4f517f085b382,"https://www.bracknell-forest.gov.uk/sites/default/files/2026-02/payments-over-%C2%A3500-october-to-december-2025.xlsx",direct-file,"Open Government Licence v3.0 (site-wide)","terms page: ""All content on this website is available under the Open Government Licence v3.0, except where otherwise stated."" (fetched 2026-10-07; the spend page itself carries no statement); 3 of 22 files re-fetched from the council URL are byte-identical",2026-10-03,file modification time (no fetch record exists),own-published,true
bracknellforest,2026-JanMar,data/bracknellforest/2026-JanMar-7d3590974820.xlsx,"Final-January-2026-March-2026.xlsx",388627,7d359097482032638269dcc9a478de6354bbc7f73e319c55725161d77db64660,"https://www.bracknell-forest.gov.uk/sites/default/files/2026-04/Final-January-2026-March-2026.xlsx",direct-file,"Open Government Licence v3.0 (site-wide)","terms page: ""All content on this website is available under the Open Government Licence v3.0, except where otherwise stated."" (fetched 2026-10-07; the spend page itself carries no statement); 3 of 22 files re-fetched from the council URL are byte-identical",2026-10-03,file modification time (no fetch record exists),own-published,true
bracknellforest,2026-AprJun,data/bracknellforest/2026-AprJun-7307157e698c.xlsx,"final-april-2026-to-june-2026.xlsx",401596,7307157e698c9c80dbcf19d5e4fdad0c65be862bac630e1bee4a1499a9e10bfd,"https://www.bracknell-forest.gov.uk/sites/default/files/2026-09/final-april-2026-to-june-2026.xlsx",direct-file,"Open Government Licence v3.0 (site-wide)","terms page: ""All content on this website is available under the Open Government Licence v3.0, except where otherwise stated."" (fetched 2026-10-07; the spend page itself carries no statement); 3 of 22 files re-fetched from the council URL are byte-identical",2026-10-03,file modification time (no fetch record exists),own-published,true
